theta0,theta1
8350.10914512018,-0.021071720365303373
