Herbology,Ancient Runes,Flying,Defense Against the Dark Arts,Divination,Charms,History of Magic
1.1421572051164393,497.53050284278396,22.143850877192968,-0.3019451402246484,3.1598175438596474,-243.20949964035066,2.9802116147774798
