house,bias,Astronomy,Herbology,Ancient Runes
Hufflepuff,10.238035983384322,0.005124598169347266,0.40828984340060614,-0.025625871120927683
Slytherin,8.185270764784487,-0.005315264748164463,-0.4216324371976636,-0.022356231763433848
Ravenclaw,-12.423285000559567,-0.004909549316591401,0.4137921041854805,0.019242717607857025
Gryffindor,-15.917582960083019,0.004496742063726449,-0.418212534093802,0.02598382791297463
