house,bias,Astronomy,Herbology,Ancient Runes
Hufflepuff,11.492740803908134,0.005639857874670366,0.4207485675632239,-0.02884978378407314
Slytherin,9.105171387676716,-0.0063148180101345874,-0.4570231471186993,-0.025322506346021564
Ravenclaw,-12.781063136508806,-0.00557595823827864,0.4745894147762802,0.019200380812641304
Gryffindor,-19.230280344720803,0.005153833453015843,-0.4270278818603823,0.03163992543644756
